SET datestyle = 'ISO, DMY';
insert into roles (name) values ('coordinador');
insert into roles (name) values ('voluntario');
insert into usuarios (username, password, email, rol_id) values ('jcrasswell0', 'qU6#qkBAjIIL', 'sskitral0@cisco.com', '2');
insert into usuarios (id, username, password, email, rol_id) values (2, 'mlettsom1', 'iV3{yv|)sbCBqno', 'gbaulch1@bizjournals.com', '1');
insert into usuarios (id, username, password, email, rol_id) values (3, 'misakowicz2', 'mC9/pKa0yEY', 'fnotley2@indiegogo.com', '1');
insert into usuarios (id, username, password, email, rol_id) values (4, 'ctomalin3', 'qS8{kbN`k', 'tdagger3@gov.uk', '2');
insert into usuarios (id, username, password, email, rol_id) values (5, 'awalkling4', 'qT5<@K?C%iSx9t', 'bscruton4@joomla.org', '1');
insert into usuarios (id, username, password, email, rol_id) values (6, 'eokieran5', 'uL1`,O=''&.', 'sstailey5@msn.com', '2');
insert into usuarios (id, username, password, email, rol_id) values (7, 'bpollicote6', 'mS7>6OA|A0.Rd', 'ehiers6@gov.uk', '1');
insert into usuarios (id, username, password, email, rol_id) values (8, 'clambertz7', 'lO8%}v2#u2>PWs', 'ztorregiani7@thetimes.co.uk', '2');
insert into usuarios (id, username, password, email, rol_id) values (9, 'pfynan8', 'wI0>WL7V@bu/PCm', 'jpapps8@redcross.org', '2');
insert into usuarios (id, username, password, email, rol_id) values (10, 'nrossander9', 'cI0>!+Y3C$', 'dtingle9@businessinsider.com', '1');
insert into usuarios (id, username, password, email, rol_id) values (11, 'hfuentea', 'hX5|LApWf>/+r', 'rseefeldta@pen.io', '2');
insert into usuarios (id, username, password, email, rol_id) values (12, 'dharfootb', 'rJ1@mm{s.LZ/', 'klittrickb@mediafire.com', '1');
insert into usuarios (id, username, password, email, rol_id) values (13, 'kshimminc', 'dI8~L+>H0,"l%', 'agosalvezc@usa.gov', '1');
insert into usuarios (id, username, password, email, rol_id) values (14, 'dparbrookd', 'oW3+hAk&K', 'hsawoodd@miitbeian.gov.cn', '2');
insert into usuarios (id, username, password, email, rol_id) values (15, 'jpaddingtone', 'fG3=k#%$E', 'bbothbiee@columbia.edu', '1');
insert into usuarios (id, username, password, email, rol_id) values (16, 'beversleyf', 'tV1''f3DL%b}TDO', 'gdeggf@weebly.com', '2');
insert into usuarios (id, username, password, email, rol_id) values (17, 'eyarnellg', 'tL6@h{p\U9J)q', 'bnesbyg@census.gov', '2');
insert into usuarios (id, username, password, email, rol_id) values (18, 'ckatteh', 'dP3*5KcluE>#', 'xlejeuneh@4shared.com', '1');
insert into usuarios (id, username, password, email, rol_id) values (19, 'mswafferi', 'kL7@M.L=}b){', 'dstorksi@rambler.ru', '1');
insert into usuarios (id, username, password, email, rol_id) values (20, 'ksmithsonj', 'aC2?/oI`(oN<1r7', 'cspeedyj@arstechnica.com', '2');
insert into usuarios (id, username, password, email, rol_id) values (21, 'cfollenk', 'zS4+'',Z@', 'xjeffcockk@upenn.edu', '2');
insert into usuarios (id, username, password, email, rol_id) values (22, 'swatkinl', 'oV9_w+WVVbwcVm!', 'mnylesl@theglobeandmail.com', '1');
insert into usuarios (id, username, password, email, rol_id) values (23, 'msmailsm', 'rF7#l%Fv)Zn', 'rritchleym@wikia.com', '1');
insert into usuarios (id, username, password, email, rol_id) values (24, 'nnuttn', 'mZ4($jeFv$3#j"v', 'ssvanettin@washington.edu', '2');
insert into usuarios (id, username, password, email, rol_id) values (25, 'cdanskineo', 'pN5)Rmrl_xy.?F%', 'hmenichellio@issuu.com', '1');
insert into usuarios (id, username, password, email, rol_id) values (26, 'mbarczewskip', 'fS1*2C"2/mp2', 'bfairliep@about.me', '2');
insert into usuarios (id, username, password, email, rol_id) values (27, 'adashwoodq', 'cC2''4ULW', 'vfusseyq@apple.com', '1');
insert into usuarios (id, username, password, email, rol_id) values (28, 'radinr', 'mG4&!(BhLoyc', 'sthreadgouldr@chron.com', '2');
insert into usuarios (id, username, password, email, rol_id) values (29, 'bhopfners', 'gZ8.Ge`8UhI}G})_', 'bwiltshears@time.com', '1');
insert into usuarios (id, username, password, email, rol_id) values (30, 'dcotet', 'lM8%{3zNwo%{>t', 'dyukhovt@fastcompany.com', '2');
insert into voluntario (id_voluntario, nombre, edad, direccion, genero, email, telefono, rut, user_id) values (1, 'Nilson', 33, '1760 Sunfield Park', 'Male', 'nharrhy0@businessinsider.com', '928-876-1605', '19670678-k', '1');
insert into voluntario (id_voluntario, nombre, edad, direccion, genero, email, telefono, rut, user_id) values (2, 'Seline', 23, '23547 Pine View Terrace', 'Female', 'spalatini1@yellowpages.com', '731-702-6066', '28943492-5', '2');
insert into voluntario (id_voluntario, nombre, edad, direccion, genero, email, telefono, rut, user_id) values (3, 'Val', 44, '8129 Sage Parkway', 'Female', 'vfairall2@blinklist.com', '793-926-6136', '37345022-7', '3');
insert into voluntario (id_voluntario, nombre, edad, direccion, genero, email, telefono, rut, user_id) values (4, 'Aliza', 26, '34 Coolidge Circle', 'Female', 'ameier3@list-manage.com', '968-660-2106', '46139195-8', '4');
insert into voluntario (id_voluntario, nombre, edad, direccion, genero, email, telefono, rut, user_id) values (5, 'Cathryn', 21, '6 Pankratz Avenue', 'Female', 'ccradduck4@diigo.com', '257-813-9183', '57294618-5', '5');
insert into voluntario (id_voluntario, nombre, edad, direccion, genero, email, telefono, rut, user_id) values (6, 'Patricio', 40, '00765 Tomscot Circle', 'Male', 'ppfaffe5@google.com', '884-393-0094', '64137648-5', '6');
insert into voluntario (id_voluntario, nombre, edad, direccion, genero, email, telefono, rut, user_id) values (7, 'Khalil', 46, '316 Towne Circle', 'Male', 'kluipold6@123-reg.co.uk', '602-393-9369', '74124788-7', '7');
insert into voluntario (id_voluntario, nombre, edad, direccion, genero, email, telefono, rut, user_id) values (8, 'Darla', 22, '726 Buhler Terrace', 'Female', 'dcicero7@google.nl', '202-367-2720', '88887847-5', '8');
insert into voluntario (id_voluntario, nombre, edad, direccion, genero, email, telefono, rut, user_id) values (9, 'Elfrieda', 29, '791 Dottie Plaza', 'Female', 'elittrell8@people.com.cn', '819-228-4245', '90238125-2', '9');
insert into voluntario (id_voluntario, nombre, edad, direccion, genero, email, telefono, rut, user_id) values (10, 'Edwin', 44, '75116 Northwestern Street', 'Male', 'eperocci9@cafepress.com', '770-416-4078', '7782715-3', '10');
insert into voluntario (id_voluntario, nombre, edad, direccion, genero, email, telefono, rut, user_id) values (11, 'Wash', 50, '7214 Brown Terrace', 'Polygender', 'wlabela@istockphoto.com', '491-702-4456', '12327265-k', '11');
insert into voluntario (id_voluntario, nombre, edad, direccion, genero, email, telefono, rut, user_id) values (12, 'Iorgos', 32, '6892 Fallview Court', 'Male', 'imcconigalb@instagram.com', '457-181-9164', '23535126-9', '12');
insert into voluntario (id_voluntario, nombre, edad, direccion, genero, email, telefono, rut, user_id) values (13, 'Sebastian', 46, '7175 Mifflin Avenue', 'Male', 'sstiegerc@buzzfeed.com', '657-662-1871', '37650358-5', '13');
insert into voluntario (id_voluntario, nombre, edad, direccion, genero, email, telefono, rut, user_id) values (14, 'Barbi', 42, '84 Cherokee Parkway', 'Non-binary', 'blaurantd@weebly.com', '443-608-5515', '43013212-1', '14');
insert into voluntario (id_voluntario, nombre, edad, direccion, genero, email, telefono, rut, user_id) values (15, 'Greta', 37, '15204 Walton Terrace', 'Female', 'gmatysiake@artisteer.com', '749-311-8844', '52376844-1', '15');
insert into voluntario (id_voluntario, nombre, edad, direccion, genero, email, telefono, rut, user_id) values (16, 'Matty', 23, '8 Pine View Hill', 'Female', 'mreilingenf@wordpress.org', '791-570-4827', '64734886-6', '16');
insert into voluntario (id_voluntario, nombre, edad, direccion, genero, email, telefono, rut, user_id) values (17, 'Emlyn', 35, '46287 Dunning Junction', 'Genderfluid', 'ecarnihang@whitehouse.gov', '569-807-1843', '75966288-1', '17');
insert into voluntario (id_voluntario, nombre, edad, direccion, genero, email, telefono, rut, user_id) values (18, 'Umeko', 37, '7091 Sachs Street', 'Female', 'ulovstromh@lulu.com', '585-318-2274', '89899749-9', '18');
insert into voluntario (id_voluntario, nombre, edad, direccion, genero, email, telefono, rut, user_id) values (19, 'Philbert', 37, '34475 Goodland Alley', 'Male', 'pducharti@java.com', '802-366-9269', '98447588-8', '19');
insert into voluntario (id_voluntario, nombre, edad, direccion, genero, email, telefono, rut, user_id) values (20, 'Teodor', 44, '05638 Havey Court', 'Male', 'tbartolicj@usda.gov', '100-581-8178', '9013310-1', '20');
insert into estado (id_estado, descripcion) values (1, 'completed');
insert into estado (id_estado, descripcion) values (2, 'uncompleted');
insert into institucion (id_institucion, nombre, email, telefono, ubicacion) values (1, 'Cruz Roja', 'vspinello0@altervista.org', '373-597-7908', '428 Tennessee Center');
insert into institucion (id_institucion, nombre, email, telefono, ubicacion) values (2, 'Médicos Sin Fronteras', 'nbenedtti1@shinystat.com', '743-116-2734', '42134 Ramsey Alley');
insert into institucion (id_institucion, nombre, email, telefono, ubicacion) values (3, 'Habitat for Humanity', 'kavard2@smugmug.com', '184-955-9081', '3 Meadow Vale Crossing');
insert into institucion (id_institucion, nombre, email, telefono, ubicacion) values (4, 'UNICEF', 'lhardwich3@fc2.com', '497-963-1845', '59 Dryden Parkway');
insert into institucion (id_institucion, nombre, email, telefono, ubicacion) values (5, 'Greenpeace', 'pfrudd4@ow.ly', '271-102-1470', '858 Oak Pass');
insert into institucion (id_institucion, nombre, email, telefono, ubicacion) values (6, 'Voluntarios de las Naciones Unidas (UNV)', 'ttatlow5@huffingtonpost.com', '850-271-3421', '95564 Heath Center');
insert into institucion (id_institucion, nombre, email, telefono, ubicacion) values (7, 'Cuerpo de Paz', 'ekerridge6@tuttocitta.it', '104-978-3055', '05 Sunfield Parkway');
insert into institucion (id_institucion, nombre, email, telefono, ubicacion) values (8, 'Amnistía Internacional', 'neixenberger7@domainmarket.com', '815-828-1546', '89548 Pond Hill');
insert into institucion (id_institucion, nombre, email, telefono, ubicacion) values (9, 'Aldeas Infantiles SOS', 'jmioni8@scientificamerican.com', '822-308-9228', '81696 Superior Drive');
insert into institucion (id_institucion, nombre, email, telefono, ubicacion) values (10, 'Banco de Alimentos', 'obradberry9@craigslist.org', '718-461-8256', '425 Lakewood Gardens Alley');
insert into emergencia (id_emergencia, nombre, descripcion, fecha_inicio, fecha_fin, id_institucion, id_estado) values (1, 'Incendio', 'Rápida propagación del fuego', '05-04-2024', '16-04-2024', '6', '1');
insert into emergencia (id_emergencia, nombre, descripcion, fecha_inicio, fecha_fin, id_institucion, id_estado) values (2, 'Terremoto', 'Movimiento violento de la tierra', '04-04-2024', '15-04-2024', '3', '2');
insert into emergencia (id_emergencia, nombre, descripcion, fecha_inicio, fecha_fin, id_institucion, id_estado) values (3, 'Inundación', 'Aumento repentino del nivel del agua', '04-04-2024', '17-04-2024', '5', '1');
insert into emergencia (id_emergencia, nombre, descripcion, fecha_inicio, fecha_fin, id_institucion, id_estado) values (4, 'Tormenta', 'Fenómeno meteorológico con fuertes vientos y lluvias', '04-04-2024', '11-04-2024', '1', '2');
insert into emergencia (id_emergencia, nombre, descripcion, fecha_inicio, fecha_fin, id_institucion, id_estado) values (5, 'Huracán', 'Tormenta tropical con vientos extremadamente fuertes', '03-04-2024', '17-04-2024', '7', '2');
insert into emergencia (id_emergencia, nombre, descripcion, fecha_inicio, fecha_fin, id_institucion, id_estado) values (6, 'Tsunami', 'Serie de olas gigantes', '06-04-2024', '17-04-2024', '4', '1');
insert into emergencia (id_emergencia, nombre, descripcion, fecha_inicio, fecha_fin, id_institucion, id_estado) values (7, 'Tornado', 'Tormenta violenta con vórtice de aire giratorio', '09-04-2024', '14-04-2024', '2', '1');
insert into emergencia (id_emergencia, nombre, descripcion, fecha_inicio, fecha_fin, id_institucion, id_estado) values (8, 'Explosión', 'Liberación repentina de energía', '08-04-2024', '15-04-2024', '9', '2');
insert into emergencia (id_emergencia, nombre, descripcion, fecha_inicio, fecha_fin, id_institucion, id_estado) values (9, 'Accidente químico', 'Liberación de sustancias peligrosas', '08-04-2024', '13-04-2024', '10', '2');
insert into emergencia (id_emergencia, nombre, descripcion, fecha_inicio, fecha_fin, id_institucion, id_estado) values (10, 'Accidente industrial', 'Incidente en una planta industrial', '02-04-2024', '11-04-2024', '8', '1');
insert into emergencia (id_emergencia, nombre, descripcion, fecha_inicio, fecha_fin, id_institucion, id_estado) values (11, 'Epidemia', 'Propagación rápida de enfermedad infecciosa', '08-04-2024', '11-04-2024', '7', '2');
insert into emergencia (id_emergencia, nombre, descripcion, fecha_inicio, fecha_fin, id_institucion, id_estado) values (12, 'Pandemia', 'Epidemia global', '07-04-2024', '12-04-2024', '4', '1');
insert into emergencia (id_emergencia, nombre, descripcion, fecha_inicio, fecha_fin, id_institucion, id_estado) values (13, 'Deslizamiento de tierra', 'Movimiento repentino de tierra', '02-04-2024', '17-04-2024', '8', '1');
insert into emergencia (id_emergencia, nombre, descripcion, fecha_inicio, fecha_fin, id_institucion, id_estado) values (14, 'Sequía', 'Escasez prolongada de lluvias', '04-04-2024', '16-04-2024', '3', '2');
insert into emergencia (id_emergencia, nombre, descripcion, fecha_inicio, fecha_fin, id_institucion, id_estado) values (15, 'Contaminación del agua', 'Presencia de sustancias nocivas en el agua', '08-04-2024', '16-04-2024', '1', '2');
insert into emergencia (id_emergencia, nombre, descripcion, fecha_inicio, fecha_fin, id_institucion, id_estado) values (16, 'Contaminación del aire', 'Presencia de sustancias tóxicas en el aire', '07-04-2024', '12-04-2024', '2', '1');
insert into emergencia (id_emergencia, nombre, descripcion, fecha_inicio, fecha_fin, id_institucion, id_estado) values (17, 'Fuga de gas', 'Escape no controlado de gas inflamable', '02-04-2024', '12-04-2024', '9', '1');
insert into emergencia (id_emergencia, nombre, descripcion, fecha_inicio, fecha_fin, id_institucion, id_estado) values (18, 'Naufragio', 'Hundimiento o encallamiento de una embarcación', '02-04-2024', '18-04-2024', '10', '2');
insert into emergencia (id_emergencia, nombre, descripcion, fecha_inicio, fecha_fin, id_institucion, id_estado) values (19, 'Emergencia médica', 'Situación que requiere atención médica inmediata', '09-04-2024', '12-04-2024', '5', '1');
insert into emergencia (id_emergencia, nombre, descripcion, fecha_inicio, fecha_fin, id_institucion, id_estado) values (20, 'Accidente de tráfico', 'Colisión entre vehículos', '02-04-2024', '17-04-2024', '6', '2');
insert into emergencia (id_emergencia, nombre, descripcion, fecha_inicio, fecha_fin, id_institucion, id_estado) values (21, 'Violencia urbana', 'Conflicto armado en áreas urbanas', '03-04-2024', '13-04-2024', '7', '2');
insert into emergencia (id_emergencia, nombre, descripcion, fecha_inicio, fecha_fin, id_institucion, id_estado) values (22, 'Asalto', 'Ataque físico o amenaza de violencia', '08-04-2024', '18-04-2024', '8', '1');
insert into emergencia (id_emergencia, nombre, descripcion, fecha_inicio, fecha_fin, id_institucion, id_estado) values (23, 'Amenaza de bomba', 'Aviso sobre presencia de explosivo', '09-04-2024', '19-04-2024', '5', '2');
insert into emergencia (id_emergencia, nombre, descripcion, fecha_inicio, fecha_fin, id_institucion, id_estado) values (24, 'Ataque terrorista', 'Acto de violencia deliberado con motivación política o ideológica', '04-04-2024', '15-04-2024', '2', '1');
insert into tarea (id_tarea, descripcion, id_emergencia, id_estado) values (1, 'Evacuación de personas en peligro', '1', '1');
insert into tarea (id_tarea, descripcion, id_emergencia, id_estado) values (2, 'Proporcionar primeros auxilios a los heridos', '2', '2');
insert into tarea (id_tarea, descripcion, id_emergencia, id_estado) values (3, 'Establecer y mantener un centro de operaciones de emergencia', '3', '2');
insert into tarea (id_tarea, descripcion, id_emergencia, id_estado) values (4, 'Distribuir suministros de socorro como alimentos y agua', '4', '1');
insert into tarea (id_tarea, descripcion, id_emergencia, id_estado) values (5, 'Rescate de personas atrapadas o en peligro', '5', '2');
insert into tarea (id_tarea, descripcion, id_emergencia, id_estado) values (6, 'Coordinar la comunicación y la información sobre la emergencia', '6', '1');
insert into tarea (id_tarea, descripcion, id_emergencia, id_estado) values (7, 'Evaluar y mitigar riesgos ambientales como derrames químicos', '7', '2');
insert into tarea (id_tarea, descripcion, id_emergencia, id_estado) values (8, 'Apagar incendios y controlar su propagación', '8', '1');
insert into tarea (id_tarea, descripcion, id_emergencia, id_estado) values (9, 'Restablecer servicios básicos como electricidad y agua potable', '9', '1');
insert into tarea (id_tarea, descripcion, id_emergencia, id_estado) values (10, 'Brindar apoyo psicológico a las personas afectadas por la emergencia', '10', '2');
insert into tarea (id_tarea, descripcion, id_emergencia, id_estado) values (11, 'Coordinar el transporte de heridos a hospitales', '11', '1');
insert into tarea (id_tarea, descripcion, id_emergencia, id_estado) values (12, 'Organizar refugios temporales para personas desplazadas', '12', '2');
insert into tarea (id_tarea, descripcion, id_emergencia, id_estado) values (13, 'Realizar evaluaciones de daños y necesidades', '13', '2');
insert into tarea (id_tarea, descripcion, id_emergencia, id_estado) values (14, 'Coordinar la entrega de suministros médicos y equipos de rescate', '14', '1');
insert into tarea (id_tarea, descripcion, id_emergencia, id_estado) values (15, 'Facilitar la comunicación entre equipos de rescate y agencias de ayuda', '15', '2');
insert into tarea (id_tarea, descripcion, id_emergencia, id_estado) values (16, 'Establecer zonas de seguridad y control de acceso', '16', '1');
insert into tarea (id_tarea, descripcion, id_emergencia, id_estado) values (17, 'Coordinar la evacuación de animales domésticos', '17', '1');
insert into tarea (id_tarea, descripcion, id_emergencia, id_estado) values (18, 'Organizar equipos de búsqueda y rescate', '18', '2');
insert into tarea (id_tarea, descripcion, id_emergencia, id_estado) values (19, 'Proporcionar información actualizada a la comunidad sobre la situación de emergencia', '19', '1');
insert into tarea (id_tarea, descripcion, id_emergencia, id_estado) values (20, 'Coordinar la asistencia humanitaria para grupos vulnerables', '20', '2');
insert into tarea (id_tarea, descripcion, id_emergencia, id_estado) values (21, 'Manejar y coordinar equipos de voluntarios', '21', '2');
insert into tarea (id_tarea, descripcion, id_emergencia, id_estado) values (22, 'Gestionar y coordinar la ayuda internacional', '22', '1');
insert into tarea (id_tarea, descripcion, id_emergencia, id_estado) values (23, 'Realizar tareas de limpieza y recuperación después de la emergencia', '23', '2');
insert into tarea (id_tarea, descripcion, id_emergencia, id_estado) values (24, 'Evaluar y mejorar los planes de preparación para emergencias.', '24', '1');
insert into habilidad (id_habilidad, nombre, descripcion, certificacion_requerida) values (1, 'Primeros Auxilios', 'Primeros Auxilios', 4);
insert into habilidad (id_habilidad, nombre, descripcion, certificacion_requerida) values (2, 'Manejo de Desastres', 'Manejo de Desastres', 8);
insert into habilidad (id_habilidad, nombre, descripcion, certificacion_requerida) values (3, 'Comunicación', 'Comunicación', 7);
insert into habilidad (id_habilidad, nombre, descripcion, certificacion_requerida) values (4, 'Rescate y Evacuación', 'Rescate y Evacuación', 7);
insert into habilidad (id_habilidad, nombre, descripcion, certificacion_requerida) values (5, 'Manejo de Equipos y Herramientas', 'Manejo de Equipos y Herramientas', 4);
insert into habilidad (id_habilidad, nombre, descripcion, certificacion_requerida) values (6, 'Orientación y Navegación', 'Orientación y Navegación', 3);
insert into habilidad (id_habilidad, nombre, descripcion, certificacion_requerida) values (7, 'Manejo de Crisis Psicológica', 'Manejo de Crisis Psicológica', 4);
insert into habilidad (id_habilidad, nombre, descripcion, certificacion_requerida) values (8, 'Coordinación de Voluntarios', 'Coordinación de Voluntarios', 5);
insert into habilidad (id_habilidad, nombre, descripcion, certificacion_requerida) values (9, 'Logística y Gestión de Recursos', 'Logística y Gestión de Recursos', 6);
insert into habilidad (id_habilidad, nombre, descripcion, certificacion_requerida) values (10, 'Flexibilidad y Adaptabilidad', 'Flexibilidad y Adaptabilidad', 2);
insert into vol_habilidad (id_vol_habilidad, id_voluntario, id_habilidad, nivel_proficiencia) values (1, '1', '5', 2);
insert into vol_habilidad (id_vol_habilidad, id_voluntario, id_habilidad, nivel_proficiencia) values (2, '2', '2', 4);
insert into vol_habilidad (id_vol_habilidad, id_voluntario, id_habilidad, nivel_proficiencia) values (3, '3', '7', 6);
insert into vol_habilidad (id_vol_habilidad, id_voluntario, id_habilidad, nivel_proficiencia) values (4, '4', '9', 1);
insert into vol_habilidad (id_vol_habilidad, id_voluntario, id_habilidad, nivel_proficiencia) values (5, '5', '1', 9);
insert into vol_habilidad (id_vol_habilidad, id_voluntario, id_habilidad, nivel_proficiencia) values (6, '6', '3', 7);
insert into vol_habilidad (id_vol_habilidad, id_voluntario, id_habilidad, nivel_proficiencia) values (7, '7', '10', 9);
insert into vol_habilidad (id_vol_habilidad, id_voluntario, id_habilidad, nivel_proficiencia) values (8, '8', '8', 6);
insert into vol_habilidad (id_vol_habilidad, id_voluntario, id_habilidad, nivel_proficiencia) values (9, '9', '6', 10);
insert into vol_habilidad (id_vol_habilidad, id_voluntario, id_habilidad, nivel_proficiencia) values (10, '10', '4', 1);
insert into vol_habilidad (id_vol_habilidad, id_voluntario, id_habilidad, nivel_proficiencia) values (11, '11', '1', 2);
insert into vol_habilidad (id_vol_habilidad, id_voluntario, id_habilidad, nivel_proficiencia) values (12, '12', '8', 7);
insert into vol_habilidad (id_vol_habilidad, id_voluntario, id_habilidad, nivel_proficiencia) values (13, '13', '2', 3);
insert into vol_habilidad (id_vol_habilidad, id_voluntario, id_habilidad, nivel_proficiencia) values (14, '14', '9', 7);
insert into vol_habilidad (id_vol_habilidad, id_voluntario, id_habilidad, nivel_proficiencia) values (15, '15', '4', 5);
insert into vol_habilidad (id_vol_habilidad, id_voluntario, id_habilidad, nivel_proficiencia) values (16, '16', '3', 3);
insert into vol_habilidad (id_vol_habilidad, id_voluntario, id_habilidad, nivel_proficiencia) values (17, '17', '7', 3);
insert into vol_habilidad (id_vol_habilidad, id_voluntario, id_habilidad, nivel_proficiencia) values (18, '18', '6', 8);
insert into vol_habilidad (id_vol_habilidad, id_voluntario, id_habilidad, nivel_proficiencia) values (19, '19', '10', 3);
insert into vol_habilidad (id_vol_habilidad, id_voluntario, id_habilidad, nivel_proficiencia) values (20, '20', '5', 2);
insert into eme_habilidad (id_eme_habilidad, id_emergencia, id_habilidad) values (1, '1', '1');
insert into eme_habilidad (id_eme_habilidad, id_emergencia, id_habilidad) values (2, '1', '2');
insert into eme_habilidad (id_eme_habilidad, id_emergencia, id_habilidad) values (3, '1', '3');
insert into eme_habilidad (id_eme_habilidad, id_emergencia, id_habilidad) values (4, '1', '4');
insert into eme_habilidad (id_eme_habilidad, id_emergencia, id_habilidad) values (5, '1', '5');
insert into eme_habilidad (id_eme_habilidad, id_emergencia, id_habilidad) values (6, '1', '6');
insert into eme_habilidad (id_eme_habilidad, id_emergencia, id_habilidad) values (7, '1', '7');
insert into eme_habilidad (id_eme_habilidad, id_emergencia, id_habilidad) values (8, '1', '8');
insert into eme_habilidad (id_eme_habilidad, id_emergencia, id_habilidad) values (9, '1', '9');
insert into eme_habilidad (id_eme_habilidad, id_emergencia, id_habilidad) values (10, '1', '10');
insert into eme_habilidad (id_eme_habilidad, id_emergencia, id_habilidad) values (11, '2', '1');
insert into eme_habilidad (id_eme_habilidad, id_emergencia, id_habilidad) values (12, '2', '2');
insert into eme_habilidad (id_eme_habilidad, id_emergencia, id_habilidad) values (13, '2', '3');
insert into eme_habilidad (id_eme_habilidad, id_emergencia, id_habilidad) values (14, '2', '4');
insert into eme_habilidad (id_eme_habilidad, id_emergencia, id_habilidad) values (15, '2', '5');
insert into eme_habilidad (id_eme_habilidad, id_emergencia, id_habilidad) values (16, '2', '6');
insert into eme_habilidad (id_eme_habilidad, id_emergencia, id_habilidad) values (17, '2', '7');
insert into eme_habilidad (id_eme_habilidad, id_emergencia, id_habilidad) values (18, '2', '8');
insert into eme_habilidad (id_eme_habilidad, id_emergencia, id_habilidad) values (19, '2', '9');
insert into eme_habilidad (id_eme_habilidad, id_emergencia, id_habilidad) values (20, '2', '10');
insert into eme_habilidad (id_eme_habilidad, id_emergencia, id_habilidad) values (21, '3', '1');
insert into eme_habilidad (id_eme_habilidad, id_emergencia, id_habilidad) values (22, '3', '2');
insert into eme_habilidad (id_eme_habilidad, id_emergencia, id_habilidad) values (23, '3', '3');
insert into eme_habilidad (id_eme_habilidad, id_emergencia, id_habilidad) values (24, '3', '4');
insert into eme_habilidad (id_eme_habilidad, id_emergencia, id_habilidad) values (25, '3', '5');
insert into eme_habilidad (id_eme_habilidad, id_emergencia, id_habilidad) values (26, '3', '6');
insert into eme_habilidad (id_eme_habilidad, id_emergencia, id_habilidad) values (27, '3', '7');
insert into eme_habilidad (id_eme_habilidad, id_emergencia, id_habilidad) values (28, '3', '8');
insert into eme_habilidad (id_eme_habilidad, id_emergencia, id_habilidad) values (29, '3', '9');
insert into eme_habilidad (id_eme_habilidad, id_emergencia, id_habilidad) values (30, '3', '10');
insert into eme_habilidad (id_eme_habilidad, id_emergencia, id_habilidad) values (31, '4', '1');
insert into eme_habilidad (id_eme_habilidad, id_emergencia, id_habilidad) values (32, '4', '2');
insert into eme_habilidad (id_eme_habilidad, id_emergencia, id_habilidad) values (33, '4', '3');
insert into eme_habilidad (id_eme_habilidad, id_emergencia, id_habilidad) values (34, '4', '4');
insert into eme_habilidad (id_eme_habilidad, id_emergencia, id_habilidad) values (35, '4', '5');
insert into eme_habilidad (id_eme_habilidad, id_emergencia, id_habilidad) values (36, '4', '6');
insert into eme_habilidad (id_eme_habilidad, id_emergencia, id_habilidad) values (37, '4', '7');
insert into eme_habilidad (id_eme_habilidad, id_emergencia, id_habilidad) values (38, '4', '8');
insert into eme_habilidad (id_eme_habilidad, id_emergencia, id_habilidad) values (39, '4', '9');
insert into eme_habilidad (id_eme_habilidad, id_emergencia, id_habilidad) values (40, '4', '10');
insert into eme_habilidad (id_eme_habilidad, id_emergencia, id_habilidad) values (41, '5', '1');
insert into eme_habilidad (id_eme_habilidad, id_emergencia, id_habilidad) values (42, '5', '2');
insert into eme_habilidad (id_eme_habilidad, id_emergencia, id_habilidad) values (43, '5', '3');
insert into eme_habilidad (id_eme_habilidad, id_emergencia, id_habilidad) values (44, '5', '4');
insert into eme_habilidad (id_eme_habilidad, id_emergencia, id_habilidad) values (45, '5', '5');
insert into eme_habilidad (id_eme_habilidad, id_emergencia, id_habilidad) values (46, '5', '6');
insert into eme_habilidad (id_eme_habilidad, id_emergencia, id_habilidad) values (47, '5', '7');
insert into eme_habilidad (id_eme_habilidad, id_emergencia, id_habilidad) values (48, '5', '8');
insert into eme_habilidad (id_eme_habilidad, id_emergencia, id_habilidad) values (49, '5', '9');
insert into eme_habilidad (id_eme_habilidad, id_emergencia, id_habilidad) values (50, '5', '10');
insert into eme_habilidad (id_eme_habilidad, id_emergencia, id_habilidad) values (51, '6', '1');
insert into eme_habilidad (id_eme_habilidad, id_emergencia, id_habilidad) values (52, '6', '2');
insert into eme_habilidad (id_eme_habilidad, id_emergencia, id_habilidad) values (53, '6', '3');
insert into eme_habilidad (id_eme_habilidad, id_emergencia, id_habilidad) values (54, '6', '4');
insert into eme_habilidad (id_eme_habilidad, id_emergencia, id_habilidad) values (55, '6', '5');
insert into eme_habilidad (id_eme_habilidad, id_emergencia, id_habilidad) values (56, '6', '6');
insert into eme_habilidad (id_eme_habilidad, id_emergencia, id_habilidad) values (57, '6', '7');
insert into eme_habilidad (id_eme_habilidad, id_emergencia, id_habilidad) values (58, '6', '8');
insert into eme_habilidad (id_eme_habilidad, id_emergencia, id_habilidad) values (59, '6', '9');
insert into eme_habilidad (id_eme_habilidad, id_emergencia, id_habilidad) values (60, '6', '10');
insert into eme_habilidad (id_eme_habilidad, id_emergencia, id_habilidad) values (61, '7', '1');
insert into eme_habilidad (id_eme_habilidad, id_emergencia, id_habilidad) values (62, '7', '2');
insert into eme_habilidad (id_eme_habilidad, id_emergencia, id_habilidad) values (63, '7', '3');
insert into eme_habilidad (id_eme_habilidad, id_emergencia, id_habilidad) values (64, '7', '4');
insert into eme_habilidad (id_eme_habilidad, id_emergencia, id_habilidad) values (65, '7', '5');
insert into eme_habilidad (id_eme_habilidad, id_emergencia, id_habilidad) values (66, '7', '6');
insert into eme_habilidad (id_eme_habilidad, id_emergencia, id_habilidad) values (67, '7', '7');
insert into eme_habilidad (id_eme_habilidad, id_emergencia, id_habilidad) values (68, '7', '8');
insert into eme_habilidad (id_eme_habilidad, id_emergencia, id_habilidad) values (69, '7', '9');
insert into eme_habilidad (id_eme_habilidad, id_emergencia, id_habilidad) values (70, '7', '10');
insert into eme_habilidad (id_eme_habilidad, id_emergencia, id_habilidad) values (71, '8', '1');
insert into eme_habilidad (id_eme_habilidad, id_emergencia, id_habilidad) values (72, '8', '2');
insert into eme_habilidad (id_eme_habilidad, id_emergencia, id_habilidad) values (73, '8', '3');
insert into eme_habilidad (id_eme_habilidad, id_emergencia, id_habilidad) values (74, '8', '4');
insert into eme_habilidad (id_eme_habilidad, id_emergencia, id_habilidad) values (75, '8', '5');
insert into eme_habilidad (id_eme_habilidad, id_emergencia, id_habilidad) values (76, '8', '6');
insert into eme_habilidad (id_eme_habilidad, id_emergencia, id_habilidad) values (77, '8', '7');
insert into eme_habilidad (id_eme_habilidad, id_emergencia, id_habilidad) values (78, '8', '8');
insert into eme_habilidad (id_eme_habilidad, id_emergencia, id_habilidad) values (79, '8', '9');
insert into eme_habilidad (id_eme_habilidad, id_emergencia, id_habilidad) values (80, '8', '10');
insert into eme_habilidad (id_eme_habilidad, id_emergencia, id_habilidad) values (81, '9', '1');
insert into eme_habilidad (id_eme_habilidad, id_emergencia, id_habilidad) values (82, '9', '2');
insert into eme_habilidad (id_eme_habilidad, id_emergencia, id_habilidad) values (83, '9', '3');
insert into eme_habilidad (id_eme_habilidad, id_emergencia, id_habilidad) values (84, '9', '4');
insert into eme_habilidad (id_eme_habilidad, id_emergencia, id_habilidad) values (85, '9', '5');
insert into eme_habilidad (id_eme_habilidad, id_emergencia, id_habilidad) values (86, '9', '6');
insert into eme_habilidad (id_eme_habilidad, id_emergencia, id_habilidad) values (87, '9', '7');
insert into eme_habilidad (id_eme_habilidad, id_emergencia, id_habilidad) values (88, '9', '8');
insert into eme_habilidad (id_eme_habilidad, id_emergencia, id_habilidad) values (89, '9', '9');
insert into eme_habilidad (id_eme_habilidad, id_emergencia, id_habilidad) values (90, '9', '10');
insert into eme_habilidad (id_eme_habilidad, id_emergencia, id_habilidad) values (91, '10', '1');
insert into eme_habilidad (id_eme_habilidad, id_emergencia, id_habilidad) values (92, '10', '2');
insert into eme_habilidad (id_eme_habilidad, id_emergencia, id_habilidad) values (93, '10', '3');
insert into eme_habilidad (id_eme_habilidad, id_emergencia, id_habilidad) values (94, '10', '4');
insert into eme_habilidad (id_eme_habilidad, id_emergencia, id_habilidad) values (95, '10', '5');
insert into eme_habilidad (id_eme_habilidad, id_emergencia, id_habilidad) values (96, '10', '6');
insert into eme_habilidad (id_eme_habilidad, id_emergencia, id_habilidad) values (97, '10', '7');
insert into eme_habilidad (id_eme_habilidad, id_emergencia, id_habilidad) values (98, '10', '8');
insert into eme_habilidad (id_eme_habilidad, id_emergencia, id_habilidad) values (99, '10', '9');
insert into eme_habilidad (id_eme_habilidad, id_emergencia, id_habilidad) values (100, '10', '10');
insert into eme_habilidad (id_eme_habilidad, id_emergencia, id_habilidad) values (101, '11', '1');
insert into eme_habilidad (id_eme_habilidad, id_emergencia, id_habilidad) values (102, '11', '2');
insert into eme_habilidad (id_eme_habilidad, id_emergencia, id_habilidad) values (103, '11', '3');
insert into eme_habilidad (id_eme_habilidad, id_emergencia, id_habilidad) values (104, '11', '4');
insert into eme_habilidad (id_eme_habilidad, id_emergencia, id_habilidad) values (105, '11', '5');
insert into eme_habilidad (id_eme_habilidad, id_emergencia, id_habilidad) values (106, '11', '6');
insert into eme_habilidad (id_eme_habilidad, id_emergencia, id_habilidad) values (107, '11', '7');
insert into eme_habilidad (id_eme_habilidad, id_emergencia, id_habilidad) values (108, '11', '8');
insert into eme_habilidad (id_eme_habilidad, id_emergencia, id_habilidad) values (109, '11', '9');
insert into eme_habilidad (id_eme_habilidad, id_emergencia, id_habilidad) values (110, '11', '10');
insert into eme_habilidad (id_eme_habilidad, id_emergencia, id_habilidad) values (111, '12', '1');
insert into eme_habilidad (id_eme_habilidad, id_emergencia, id_habilidad) values (112, '12', '2');
insert into eme_habilidad (id_eme_habilidad, id_emergencia, id_habilidad) values (113, '12', '3');
insert into eme_habilidad (id_eme_habilidad, id_emergencia, id_habilidad) values (114, '12', '4');
insert into eme_habilidad (id_eme_habilidad, id_emergencia, id_habilidad) values (115, '12', '5');
insert into eme_habilidad (id_eme_habilidad, id_emergencia, id_habilidad) values (116, '12', '6');
insert into eme_habilidad (id_eme_habilidad, id_emergencia, id_habilidad) values (117, '12', '7');
insert into eme_habilidad (id_eme_habilidad, id_emergencia, id_habilidad) values (118, '12', '8');
insert into eme_habilidad (id_eme_habilidad, id_emergencia, id_habilidad) values (119, '12', '9');
insert into eme_habilidad (id_eme_habilidad, id_emergencia, id_habilidad) values (120, '12', '10');
insert into eme_habilidad (id_eme_habilidad, id_emergencia, id_habilidad) values (121, '13', '1');
insert into eme_habilidad (id_eme_habilidad, id_emergencia, id_habilidad) values (122, '13', '2');
insert into eme_habilidad (id_eme_habilidad, id_emergencia, id_habilidad) values (123, '13', '3');
insert into eme_habilidad (id_eme_habilidad, id_emergencia, id_habilidad) values (124, '13', '4');
insert into eme_habilidad (id_eme_habilidad, id_emergencia, id_habilidad) values (125, '13', '5');
insert into eme_habilidad (id_eme_habilidad, id_emergencia, id_habilidad) values (126, '13', '6');
insert into eme_habilidad (id_eme_habilidad, id_emergencia, id_habilidad) values (127, '13', '7');
insert into eme_habilidad (id_eme_habilidad, id_emergencia, id_habilidad) values (128, '13', '8');
insert into eme_habilidad (id_eme_habilidad, id_emergencia, id_habilidad) values (129, '13', '9');
insert into eme_habilidad (id_eme_habilidad, id_emergencia, id_habilidad) values (130, '13', '10');
insert into eme_habilidad (id_eme_habilidad, id_emergencia, id_habilidad) values (131, '14', '1');
insert into eme_habilidad (id_eme_habilidad, id_emergencia, id_habilidad) values (132, '14', '2');
insert into eme_habilidad (id_eme_habilidad, id_emergencia, id_habilidad) values (133, '14', '3');
insert into eme_habilidad (id_eme_habilidad, id_emergencia, id_habilidad) values (134, '14', '4');
insert into eme_habilidad (id_eme_habilidad, id_emergencia, id_habilidad) values (135, '14', '5');
insert into eme_habilidad (id_eme_habilidad, id_emergencia, id_habilidad) values (136, '14', '6');
insert into eme_habilidad (id_eme_habilidad, id_emergencia, id_habilidad) values (137, '14', '7');
insert into eme_habilidad (id_eme_habilidad, id_emergencia, id_habilidad) values (138, '14', '8');
insert into eme_habilidad (id_eme_habilidad, id_emergencia, id_habilidad) values (139, '14', '9');
insert into eme_habilidad (id_eme_habilidad, id_emergencia, id_habilidad) values (140, '14', '10');
insert into eme_habilidad (id_eme_habilidad, id_emergencia, id_habilidad) values (141, '15', '1');
insert into eme_habilidad (id_eme_habilidad, id_emergencia, id_habilidad) values (142, '15', '2');
insert into eme_habilidad (id_eme_habilidad, id_emergencia, id_habilidad) values (143, '15', '3');
insert into eme_habilidad (id_eme_habilidad, id_emergencia, id_habilidad) values (144, '15', '4');
insert into eme_habilidad (id_eme_habilidad, id_emergencia, id_habilidad) values (145, '15', '5');
insert into eme_habilidad (id_eme_habilidad, id_emergencia, id_habilidad) values (146, '15', '6');
insert into eme_habilidad (id_eme_habilidad, id_emergencia, id_habilidad) values (147, '15', '7');
insert into eme_habilidad (id_eme_habilidad, id_emergencia, id_habilidad) values (148, '15', '8');
insert into eme_habilidad (id_eme_habilidad, id_emergencia, id_habilidad) values (149, '15', '9');
insert into eme_habilidad (id_eme_habilidad, id_emergencia, id_habilidad) values (150, '15', '10');
insert into eme_habilidad (id_eme_habilidad, id_emergencia, id_habilidad) values (151, '16', '1');
insert into eme_habilidad (id_eme_habilidad, id_emergencia, id_habilidad) values (152, '16', '2');
insert into eme_habilidad (id_eme_habilidad, id_emergencia, id_habilidad) values (153, '16', '3');
insert into eme_habilidad (id_eme_habilidad, id_emergencia, id_habilidad) values (154, '16', '4');
insert into eme_habilidad (id_eme_habilidad, id_emergencia, id_habilidad) values (155, '16', '5');
insert into eme_habilidad (id_eme_habilidad, id_emergencia, id_habilidad) values (156, '16', '6');
insert into eme_habilidad (id_eme_habilidad, id_emergencia, id_habilidad) values (157, '16', '7');
insert into eme_habilidad (id_eme_habilidad, id_emergencia, id_habilidad) values (158, '16', '8');
insert into eme_habilidad (id_eme_habilidad, id_emergencia, id_habilidad) values (159, '16', '9');
insert into eme_habilidad (id_eme_habilidad, id_emergencia, id_habilidad) values (160, '16', '10');
insert into eme_habilidad (id_eme_habilidad, id_emergencia, id_habilidad) values (161, '17', '1');
insert into eme_habilidad (id_eme_habilidad, id_emergencia, id_habilidad) values (162, '17', '2');
insert into eme_habilidad (id_eme_habilidad, id_emergencia, id_habilidad) values (163, '17', '3');
insert into eme_habilidad (id_eme_habilidad, id_emergencia, id_habilidad) values (164, '17', '4');
insert into eme_habilidad (id_eme_habilidad, id_emergencia, id_habilidad) values (165, '17', '5');
insert into eme_habilidad (id_eme_habilidad, id_emergencia, id_habilidad) values (166, '17', '6');
insert into eme_habilidad (id_eme_habilidad, id_emergencia, id_habilidad) values (167, '17', '7');
insert into eme_habilidad (id_eme_habilidad, id_emergencia, id_habilidad) values (168, '17', '8');
insert into eme_habilidad (id_eme_habilidad, id_emergencia, id_habilidad) values (169, '17', '9');
insert into eme_habilidad (id_eme_habilidad, id_emergencia, id_habilidad) values (170, '17', '10');
insert into eme_habilidad (id_eme_habilidad, id_emergencia, id_habilidad) values (171, '18', '1');
insert into eme_habilidad (id_eme_habilidad, id_emergencia, id_habilidad) values (172, '18', '2');
insert into eme_habilidad (id_eme_habilidad, id_emergencia, id_habilidad) values (173, '18', '3');
insert into eme_habilidad (id_eme_habilidad, id_emergencia, id_habilidad) values (174, '18', '4');
insert into eme_habilidad (id_eme_habilidad, id_emergencia, id_habilidad) values (175, '18', '5');
insert into eme_habilidad (id_eme_habilidad, id_emergencia, id_habilidad) values (176, '18', '6');
insert into eme_habilidad (id_eme_habilidad, id_emergencia, id_habilidad) values (177, '18', '7');
insert into eme_habilidad (id_eme_habilidad, id_emergencia, id_habilidad) values (178, '18', '8');
insert into eme_habilidad (id_eme_habilidad, id_emergencia, id_habilidad) values (179, '18', '9');
insert into eme_habilidad (id_eme_habilidad, id_emergencia, id_habilidad) values (180, '18', '10');
insert into eme_habilidad (id_eme_habilidad, id_emergencia, id_habilidad) values (181, '19', '1');
insert into eme_habilidad (id_eme_habilidad, id_emergencia, id_habilidad) values (182, '19', '2');
insert into eme_habilidad (id_eme_habilidad, id_emergencia, id_habilidad) values (183, '19', '3');
insert into eme_habilidad (id_eme_habilidad, id_emergencia, id_habilidad) values (184, '19', '4');
insert into eme_habilidad (id_eme_habilidad, id_emergencia, id_habilidad) values (185, '19', '5');
insert into eme_habilidad (id_eme_habilidad, id_emergencia, id_habilidad) values (186, '19', '6');
insert into eme_habilidad (id_eme_habilidad, id_emergencia, id_habilidad) values (187, '19', '7');
insert into eme_habilidad (id_eme_habilidad, id_emergencia, id_habilidad) values (188, '19', '8');
insert into eme_habilidad (id_eme_habilidad, id_emergencia, id_habilidad) values (189, '19', '9');
insert into eme_habilidad (id_eme_habilidad, id_emergencia, id_habilidad) values (190, '19', '10');
insert into eme_habilidad (id_eme_habilidad, id_emergencia, id_habilidad) values (191, '20', '1');
insert into eme_habilidad (id_eme_habilidad, id_emergencia, id_habilidad) values (192, '20', '2');
insert into eme_habilidad (id_eme_habilidad, id_emergencia, id_habilidad) values (193, '20', '3');
insert into eme_habilidad (id_eme_habilidad, id_emergencia, id_habilidad) values (194, '20', '4');
insert into eme_habilidad (id_eme_habilidad, id_emergencia, id_habilidad) values (195, '20', '5');
insert into eme_habilidad (id_eme_habilidad, id_emergencia, id_habilidad) values (196, '20', '6');
insert into eme_habilidad (id_eme_habilidad, id_emergencia, id_habilidad) values (197, '20', '7');
insert into eme_habilidad (id_eme_habilidad, id_emergencia, id_habilidad) values (198, '20', '8');
insert into eme_habilidad (id_eme_habilidad, id_emergencia, id_habilidad) values (199, '20', '9');
insert into eme_habilidad (id_eme_habilidad, id_emergencia, id_habilidad) values (200, '20', '10');
insert into eme_habilidad (id_eme_habilidad, id_emergencia, id_habilidad) values (201, '21', '1');
insert into eme_habilidad (id_eme_habilidad, id_emergencia, id_habilidad) values (202, '21', '2');
insert into eme_habilidad (id_eme_habilidad, id_emergencia, id_habilidad) values (203, '21', '3');
insert into eme_habilidad (id_eme_habilidad, id_emergencia, id_habilidad) values (204, '21', '4');
insert into eme_habilidad (id_eme_habilidad, id_emergencia, id_habilidad) values (205, '21', '5');
insert into eme_habilidad (id_eme_habilidad, id_emergencia, id_habilidad) values (206, '21', '6');
insert into eme_habilidad (id_eme_habilidad, id_emergencia, id_habilidad) values (207, '21', '7');
insert into eme_habilidad (id_eme_habilidad, id_emergencia, id_habilidad) values (208, '21', '8');
insert into eme_habilidad (id_eme_habilidad, id_emergencia, id_habilidad) values (209, '21', '9');
insert into eme_habilidad (id_eme_habilidad, id_emergencia, id_habilidad) values (210, '21', '10');
insert into eme_habilidad (id_eme_habilidad, id_emergencia, id_habilidad) values (211, '22', '1');
insert into eme_habilidad (id_eme_habilidad, id_emergencia, id_habilidad) values (212, '22', '2');
insert into eme_habilidad (id_eme_habilidad, id_emergencia, id_habilidad) values (213, '22', '3');
insert into eme_habilidad (id_eme_habilidad, id_emergencia, id_habilidad) values (214, '22', '4');
insert into eme_habilidad (id_eme_habilidad, id_emergencia, id_habilidad) values (215, '22', '5');
insert into eme_habilidad (id_eme_habilidad, id_emergencia, id_habilidad) values (216, '22', '6');
insert into eme_habilidad (id_eme_habilidad, id_emergencia, id_habilidad) values (217, '22', '7');
insert into eme_habilidad (id_eme_habilidad, id_emergencia, id_habilidad) values (218, '22', '8');
insert into eme_habilidad (id_eme_habilidad, id_emergencia, id_habilidad) values (219, '22', '9');
insert into eme_habilidad (id_eme_habilidad, id_emergencia, id_habilidad) values (220, '22', '10');
insert into eme_habilidad (id_eme_habilidad, id_emergencia, id_habilidad) values (221, '23', '1');
insert into eme_habilidad (id_eme_habilidad, id_emergencia, id_habilidad) values (222, '23', '2');
insert into eme_habilidad (id_eme_habilidad, id_emergencia, id_habilidad) values (223, '23', '3');
insert into eme_habilidad (id_eme_habilidad, id_emergencia, id_habilidad) values (224, '23', '4');
insert into eme_habilidad (id_eme_habilidad, id_emergencia, id_habilidad) values (225, '23', '5');
insert into eme_habilidad (id_eme_habilidad, id_emergencia, id_habilidad) values (226, '23', '6');
insert into eme_habilidad (id_eme_habilidad, id_emergencia, id_habilidad) values (227, '23', '7');
insert into eme_habilidad (id_eme_habilidad, id_emergencia, id_habilidad) values (228, '23', '8');
insert into eme_habilidad (id_eme_habilidad, id_emergencia, id_habilidad) values (229, '23', '9');
insert into eme_habilidad (id_eme_habilidad, id_emergencia, id_habilidad) values (230, '23', '10');
insert into tarea_habilidad (id_tarea_habilidad, id_tarea, id_habilidad) values (1, '1', '1');
insert into tarea_habilidad (id_tarea_habilidad, id_tarea, id_habilidad) values (2, '1', '2');
insert into tarea_habilidad (id_tarea_habilidad, id_tarea, id_habilidad) values (3, '1', '3');
insert into tarea_habilidad (id_tarea_habilidad, id_tarea, id_habilidad) values (4, '1', '4');
insert into tarea_habilidad (id_tarea_habilidad, id_tarea, id_habilidad) values (5, '1', '5');
insert into tarea_habilidad (id_tarea_habilidad, id_tarea, id_habilidad) values (6, '1', '6');
insert into tarea_habilidad (id_tarea_habilidad, id_tarea, id_habilidad) values (7, '1', '7');
insert into tarea_habilidad (id_tarea_habilidad, id_tarea, id_habilidad) values (8, '1', '8');
insert into tarea_habilidad (id_tarea_habilidad, id_tarea, id_habilidad) values (9, '1', '9');
insert into tarea_habilidad (id_tarea_habilidad, id_tarea, id_habilidad) values (10, '1', '10');
insert into tarea_habilidad (id_tarea_habilidad, id_tarea, id_habilidad) values (11, '2', '1');
insert into tarea_habilidad (id_tarea_habilidad, id_tarea, id_habilidad) values (12, '2', '2');
insert into tarea_habilidad (id_tarea_habilidad, id_tarea, id_habilidad) values (13, '2', '3');
insert into tarea_habilidad (id_tarea_habilidad, id_tarea, id_habilidad) values (14, '2', '4');
insert into tarea_habilidad (id_tarea_habilidad, id_tarea, id_habilidad) values (15, '2', '5');
insert into tarea_habilidad (id_tarea_habilidad, id_tarea, id_habilidad) values (16, '2', '6');
insert into tarea_habilidad (id_tarea_habilidad, id_tarea, id_habilidad) values (17, '2', '7');
insert into tarea_habilidad (id_tarea_habilidad, id_tarea, id_habilidad) values (18, '2', '8');
insert into tarea_habilidad (id_tarea_habilidad, id_tarea, id_habilidad) values (19, '2', '9');
insert into tarea_habilidad (id_tarea_habilidad, id_tarea, id_habilidad) values (20, '2', '10');
insert into tarea_habilidad (id_tarea_habilidad, id_tarea, id_habilidad) values (21, '3', '1');
insert into tarea_habilidad (id_tarea_habilidad, id_tarea, id_habilidad) values (22, '3', '2');
insert into tarea_habilidad (id_tarea_habilidad, id_tarea, id_habilidad) values (23, '3', '3');
insert into tarea_habilidad (id_tarea_habilidad, id_tarea, id_habilidad) values (24, '3', '4');
insert into tarea_habilidad (id_tarea_habilidad, id_tarea, id_habilidad) values (25, '3', '5');
insert into tarea_habilidad (id_tarea_habilidad, id_tarea, id_habilidad) values (26, '3', '6');
insert into tarea_habilidad (id_tarea_habilidad, id_tarea, id_habilidad) values (27, '3', '7');
insert into tarea_habilidad (id_tarea_habilidad, id_tarea, id_habilidad) values (28, '3', '8');
insert into tarea_habilidad (id_tarea_habilidad, id_tarea, id_habilidad) values (29, '3', '9');
insert into tarea_habilidad (id_tarea_habilidad, id_tarea, id_habilidad) values (30, '3', '10');
insert into tarea_habilidad (id_tarea_habilidad, id_tarea, id_habilidad) values (31, '4', '1');
insert into tarea_habilidad (id_tarea_habilidad, id_tarea, id_habilidad) values (32, '4', '2');
insert into tarea_habilidad (id_tarea_habilidad, id_tarea, id_habilidad) values (33, '4', '3');
insert into tarea_habilidad (id_tarea_habilidad, id_tarea, id_habilidad) values (34, '4', '4');
insert into tarea_habilidad (id_tarea_habilidad, id_tarea, id_habilidad) values (35, '4', '5');
insert into tarea_habilidad (id_tarea_habilidad, id_tarea, id_habilidad) values (36, '4', '6');
insert into tarea_habilidad (id_tarea_habilidad, id_tarea, id_habilidad) values (37, '4', '7');
insert into tarea_habilidad (id_tarea_habilidad, id_tarea, id_habilidad) values (38, '4', '8');
insert into tarea_habilidad (id_tarea_habilidad, id_tarea, id_habilidad) values (39, '4', '9');
insert into tarea_habilidad (id_tarea_habilidad, id_tarea, id_habilidad) values (40, '4', '10');
insert into tarea_habilidad (id_tarea_habilidad, id_tarea, id_habilidad) values (41, '5', '1');
insert into tarea_habilidad (id_tarea_habilidad, id_tarea, id_habilidad) values (42, '5', '2');
insert into tarea_habilidad (id_tarea_habilidad, id_tarea, id_habilidad) values (43, '5', '3');
insert into tarea_habilidad (id_tarea_habilidad, id_tarea, id_habilidad) values (44, '5', '4');
insert into tarea_habilidad (id_tarea_habilidad, id_tarea, id_habilidad) values (45, '5', '5');
insert into tarea_habilidad (id_tarea_habilidad, id_tarea, id_habilidad) values (46, '5', '6');
insert into tarea_habilidad (id_tarea_habilidad, id_tarea, id_habilidad) values (47, '5', '7');
insert into tarea_habilidad (id_tarea_habilidad, id_tarea, id_habilidad) values (48, '5', '8');
insert into tarea_habilidad (id_tarea_habilidad, id_tarea, id_habilidad) values (49, '5', '9');
insert into tarea_habilidad (id_tarea_habilidad, id_tarea, id_habilidad) values (50, '5', '10');
insert into tarea_habilidad (id_tarea_habilidad, id_tarea, id_habilidad) values (51, '6', '1');
insert into tarea_habilidad (id_tarea_habilidad, id_tarea, id_habilidad) values (52, '6', '2');
insert into tarea_habilidad (id_tarea_habilidad, id_tarea, id_habilidad) values (53, '6', '3');
insert into tarea_habilidad (id_tarea_habilidad, id_tarea, id_habilidad) values (54, '6', '4');
insert into tarea_habilidad (id_tarea_habilidad, id_tarea, id_habilidad) values (55, '6', '5');
insert into tarea_habilidad (id_tarea_habilidad, id_tarea, id_habilidad) values (56, '6', '6');
insert into tarea_habilidad (id_tarea_habilidad, id_tarea, id_habilidad) values (57, '6', '7');
insert into tarea_habilidad (id_tarea_habilidad, id_tarea, id_habilidad) values (58, '6', '8');
insert into tarea_habilidad (id_tarea_habilidad, id_tarea, id_habilidad) values (59, '6', '9');
insert into tarea_habilidad (id_tarea_habilidad, id_tarea, id_habilidad) values (60, '6', '10');
insert into tarea_habilidad (id_tarea_habilidad, id_tarea, id_habilidad) values (61, '7', '1');
insert into tarea_habilidad (id_tarea_habilidad, id_tarea, id_habilidad) values (62, '7', '2');
insert into tarea_habilidad (id_tarea_habilidad, id_tarea, id_habilidad) values (63, '7', '3');
insert into tarea_habilidad (id_tarea_habilidad, id_tarea, id_habilidad) values (64, '7', '4');
insert into tarea_habilidad (id_tarea_habilidad, id_tarea, id_habilidad) values (65, '7', '5');
insert into tarea_habilidad (id_tarea_habilidad, id_tarea, id_habilidad) values (66, '7', '6');
insert into tarea_habilidad (id_tarea_habilidad, id_tarea, id_habilidad) values (67, '7', '7');
insert into tarea_habilidad (id_tarea_habilidad, id_tarea, id_habilidad) values (68, '7', '8');
insert into tarea_habilidad (id_tarea_habilidad, id_tarea, id_habilidad) values (69, '7', '9');
insert into tarea_habilidad (id_tarea_habilidad, id_tarea, id_habilidad) values (70, '7', '10');
insert into tarea_habilidad (id_tarea_habilidad, id_tarea, id_habilidad) values (71, '8', '1');
insert into tarea_habilidad (id_tarea_habilidad, id_tarea, id_habilidad) values (72, '8', '2');
insert into tarea_habilidad (id_tarea_habilidad, id_tarea, id_habilidad) values (73, '8', '3');
insert into tarea_habilidad (id_tarea_habilidad, id_tarea, id_habilidad) values (74, '8', '4');
insert into tarea_habilidad (id_tarea_habilidad, id_tarea, id_habilidad) values (75, '8', '5');
insert into tarea_habilidad (id_tarea_habilidad, id_tarea, id_habilidad) values (76, '8', '6');
insert into tarea_habilidad (id_tarea_habilidad, id_tarea, id_habilidad) values (77, '8', '7');
insert into tarea_habilidad (id_tarea_habilidad, id_tarea, id_habilidad) values (78, '8', '8');
insert into tarea_habilidad (id_tarea_habilidad, id_tarea, id_habilidad) values (79, '8', '9');
insert into tarea_habilidad (id_tarea_habilidad, id_tarea, id_habilidad) values (80, '8', '10');
insert into tarea_habilidad (id_tarea_habilidad, id_tarea, id_habilidad) values (81, '9', '1');
insert into tarea_habilidad (id_tarea_habilidad, id_tarea, id_habilidad) values (82, '9', '2');
insert into tarea_habilidad (id_tarea_habilidad, id_tarea, id_habilidad) values (83, '9', '3');
insert into tarea_habilidad (id_tarea_habilidad, id_tarea, id_habilidad) values (84, '9', '4');
insert into tarea_habilidad (id_tarea_habilidad, id_tarea, id_habilidad) values (85, '9', '5');
insert into tarea_habilidad (id_tarea_habilidad, id_tarea, id_habilidad) values (86, '9', '6');
insert into tarea_habilidad (id_tarea_habilidad, id_tarea, id_habilidad) values (87, '9', '7');
insert into tarea_habilidad (id_tarea_habilidad, id_tarea, id_habilidad) values (88, '9', '8');
insert into tarea_habilidad (id_tarea_habilidad, id_tarea, id_habilidad) values (89, '9', '9');
insert into tarea_habilidad (id_tarea_habilidad, id_tarea, id_habilidad) values (90, '9', '10');
insert into tarea_habilidad (id_tarea_habilidad, id_tarea, id_habilidad) values (91, '10', '1');
insert into tarea_habilidad (id_tarea_habilidad, id_tarea, id_habilidad) values (92, '10', '2');
insert into tarea_habilidad (id_tarea_habilidad, id_tarea, id_habilidad) values (93, '10', '3');
insert into tarea_habilidad (id_tarea_habilidad, id_tarea, id_habilidad) values (94, '10', '4');
insert into tarea_habilidad (id_tarea_habilidad, id_tarea, id_habilidad) values (95, '10', '5');
insert into tarea_habilidad (id_tarea_habilidad, id_tarea, id_habilidad) values (96, '10', '6');
insert into tarea_habilidad (id_tarea_habilidad, id_tarea, id_habilidad) values (97, '10', '7');
insert into tarea_habilidad (id_tarea_habilidad, id_tarea, id_habilidad) values (98, '10', '8');
insert into tarea_habilidad (id_tarea_habilidad, id_tarea, id_habilidad) values (99, '10', '9');
insert into tarea_habilidad (id_tarea_habilidad, id_tarea, id_habilidad) values (100, '10', '10');
insert into ranking (id_ranking, id_voluntario, id_tarea, puntuacion, participa) values (1, '1', '23', 2, 0);
insert into ranking (id_ranking, id_voluntario, id_tarea, puntuacion, participa) values (2, '2', '4', 9, 1);
insert into ranking (id_ranking, id_voluntario, id_tarea, puntuacion, participa) values (3, '3', '3', 10, 1);
insert into ranking (id_ranking, id_voluntario, id_tarea, puntuacion, participa) values (4, '4', '18', 2, 1);
insert into ranking (id_ranking, id_voluntario, id_tarea, puntuacion, participa) values (5, '5', '22', 1, 1);
insert into ranking (id_ranking, id_voluntario, id_tarea, puntuacion, participa) values (6, '6', '11', 4, 1);
insert into ranking (id_ranking, id_voluntario, id_tarea, puntuacion, participa) values (7, '7', '1', 4, 0);
insert into ranking (id_ranking, id_voluntario, id_tarea, puntuacion, participa) values (8, '8', '17', 10, 1);
insert into ranking (id_ranking, id_voluntario, id_tarea, puntuacion, participa) values (9, '9', '20', 4, 0);
insert into ranking (id_ranking, id_voluntario, id_tarea, puntuacion, participa) values (10, '10', '8', 4, 0);
insert into ranking (id_ranking, id_voluntario, id_tarea, puntuacion, participa) values (11, '11', '14', 0, 0);
insert into ranking (id_ranking, id_voluntario, id_tarea, puntuacion, participa) values (12, '12', '5', 8, 1);
insert into ranking (id_ranking, id_voluntario, id_tarea, puntuacion, participa) values (13, '13', '19', 7, 1);
insert into ranking (id_ranking, id_voluntario, id_tarea, puntuacion, participa) values (14, '14', '6', 6, 1);
insert into ranking (id_ranking, id_voluntario, id_tarea, puntuacion, participa) values (15, '15', '2', 9, 0);
insert into ranking (id_ranking, id_voluntario, id_tarea, puntuacion, participa) values (16, '16', '21', 0, 1);
insert into ranking (id_ranking, id_voluntario, id_tarea, puntuacion, participa) values (17, '17', '24', 6, 1);
insert into ranking (id_ranking, id_voluntario, id_tarea, puntuacion, participa) values (18, '18', '10', 6, 0);
insert into ranking (id_ranking, id_voluntario, id_tarea, puntuacion, participa) values (19, '19', '7', 3, 0);
insert into ranking (id_ranking, id_voluntario, id_tarea, puntuacion, participa) values (20, '20', '15', 0, 0);